League,Revenues,%
NBA,8760000000,
WNBA,60000000,0.006849315
WTA,102564888,0.847924008
ATP,120960000,
PGA,1280000000,
LPGA,102800000,0.0803125
